model_label,model_path,job_dir,case,seed,step,time_ps,msd_xy_a2,natoms,dft_energy_ev,pred_energy_ev,energy_error_mev_atom,force_rmse_mev_a,force_mae_mev_a,force_max_component_mev_a,force_max_atom_norm_mev_a,dft_force_rms_mev_a,dft_force_max_atom_norm_mev_a,min_C_C_a,min_C_Li_a,min_Li_Si_a,min_Li_Li_a,min_Si_Si_a
foundation_mpa0,local_5080_referee_followup_pack/models/foundation/mace-mpa-0-medium.model,review_revision/md_snapshot_dft_jobs/D_SiGraphene_seed20260427_step099700,D_SiGraphene,20260427,99700,99.7,2694.83,220,-1898.94704475,-1894.7486532736198,19.0835976199103,329.7231817436683,240.27744077377062,3320.945303184054,3364.7269439639795,1212.498785953726,4900.612052706988,1.34803942097403,2.1896597914744658,2.5964766739949736,5.4311627645310585,2.087898799032176
foundation_mpa0,local_5080_referee_followup_pack/models/foundation/mace-mpa-0-medium.model,review_revision/md_snapshot_dft_jobs/D_SiGraphene_seed20260427_step099800,D_SiGraphene,20260427,99800,99.8,2683.44,220,-1899.25336933,-1894.993520337663,19.362949965167527,328.7445316011776,238.56373363805554,3580.4233361403244,3693.881759424093,1173.6470240745343,4034.6522640899307,1.3632214376615412,2.1911426493042394,2.2939304632006614,4.97751408324609,2.309417366718282
foundation_mpa0,local_5080_referee_followup_pack/models/foundation/mace-mpa-0-medium.model,review_revision/md_snapshot_dft_jobs/D_SiGraphene_seed20260427_step100000,D_SiGraphene,20260427,100000,100.0,2661.0200000000004,220,-1902.33995811,-1897.940202910867,19.998887268786802,339.73516720355764,252.89675782473415,3469.7127744057248,3539.6728202372788,1166.332767679704,4997.54366903722,1.355986391856497,2.095742841786654,2.3491351739736053,5.013849764462433,2.2340120452632433
foundation_mpa0,local_5080_referee_followup_pack/models/foundation/mace-mpa-0-medium.model,review_revision/md_snapshot_dft_jobs/B1_Monovacancy_seed20260429_step058100,B1_Monovacancy,20260429,58100,58.1,383.9478,200,-1407.50822917,-1412.1861634981526,-23.3896716407628,1149.6968634906782,766.1199120669881,4801.774130209414,4813.894144171347,1895.6318017229967,9911.239894574896,1.204191481658959,1.9123425342756983,nan,9.644142737803518,nan
foundation_mpa0,local_5080_referee_followup_pack/models/foundation/mace-mpa-0-medium.model,review_revision/md_snapshot_dft_jobs/B1_Monovacancy_seed20260429_step058200,B1_Monovacancy,20260429,58200,58.2,382.41380000000004,200,-1407.71576305,-1412.2146049217479,-22.494209358739,1107.1008387174804,755.7122757886698,3916.778426473136,4491.970050432938,1885.6400089546787,9546.255742938853,1.2122383632767937,1.9223081509737188,nan,9.570161673545629,nan
foundation_mpa0,local_5080_referee_followup_pack/models/foundation/mace-mpa-0-medium.model,review_revision/md_snapshot_dft_jobs/B1_Monovacancy_seed20260429_step100000,B1_Monovacancy,20260429,100000,100.0,217.6953,200,-1406.84313684,-1411.3742215454727,-22.65542352736361,1188.928373078235,764.1225503315196,5043.033065377025,5052.757311221476,1788.5548332030905,9071.959725170964,1.2173254744831719,1.8514494891488902,nan,5.031175277417794,nan
foundation_mpa0,local_5080_referee_followup_pack/models/foundation/mace-mpa-0-medium.model,review_revision/md_snapshot_dft_jobs/D_SiGraphene_seed20260429_step030900,D_SiGraphene,20260429,30900,30.9,356.8096,220,-1897.18299119,-1892.4780462530352,21.386113349839516,282.78164217002524,217.2890297962401,1445.2508665587116,1499.5626382895143,1098.1563311892899,4599.3819074293015,1.3420992073986184,2.1900568976627075,2.566557250812847,4.790639787387485,2.15047417294419
foundation_mpa0,local_5080_referee_followup_pack/models/foundation/mace-mpa-0-medium.model,review_revision/md_snapshot_dft_jobs/D_SiGraphene_seed20260429_step031000,D_SiGraphene,20260429,31000,31.0,350.6833,220,-1899.56798523,-1895.0021858133603,20.753633711998727,284.8072784096078,225.30006362842735,995.8234727469679,1078.0662132821744,1147.1139222866168,5908.556864273796,1.3598710284435054,2.132313931694861,2.486791030002319,4.689986734277613,1.9943665462792963
foundation_mpa0,local_5080_referee_followup_pack/models/foundation/mace-mpa-0-medium.model,review_revision/md_snapshot_dft_jobs/D_SiGraphene_seed20260429_step100000,D_SiGraphene,20260429,100000,100.0,207.6184,220,-1902.96384883,-1898.995721745999,18.036941290913752,286.3434648866755,226.86149783169589,1009.0487572137663,1249.663515920395,1120.192907978906,3775.259124635818,1.3635569115002126,2.242819094208714,2.658366584954,3.7338504137819974,2.3130296561004133
