case,seed,step,time_ps,msd_xy_a2,job_dir,outcar_exists,outcar_size_bytes,outcar_mtime_iso,outcar_sha256,oszicar_sha256,vasp_log_sha256,completed,electronic_converged_marker,fatal_error,dft_energy_without_entropy_ev,forces_readable,dft_force_rms_mev_a,force_read_error
D_SiGraphene,20260427,99700,99.7,2694.83,review_revision/md_snapshot_dft_jobs/D_SiGraphene_seed20260427_step099700,True,491674,2026-07-25T08:34:50,34623e50ac22937c25c49dc72f4fac76ebccf09e7716c5718169cb041bc68176,0a640833609b13a99c89be98e8e9549eb6f78ed1c9a754dd7f85986bc231d609,481f67470fe0b2c238ccf494bbbd621e927b9182634ed97b2ac070cebe6a933e,True,True,False,-1898.92737448,True,1212.498785953726,
D_SiGraphene,20260427,99800,99.8,2683.44,review_revision/md_snapshot_dft_jobs/D_SiGraphene_seed20260427_step099800,True,232054,2026-07-22T05:13:22,faeaeb391efd893b8c4c6076f8aeb396adcd45c846a901d98fc671d8900d1dc3,3deae64c89830caf9e89d1b500f2d33b9769316f1a7b5765e969131f8c7d47ea,6f5ca9122c6e737f482e232a3e03fc5b1f717b660d1b64a8b8e66e1e9bd3bb35,True,True,False,-1899.23167491,True,1173.6470240745343,
D_SiGraphene,20260427,100000,100.0,2661.0200000000004,review_revision/md_snapshot_dft_jobs/D_SiGraphene_seed20260427_step100000,True,227826,2026-07-22T12:31:25,8bfbdec5a84334a023732e5579b1c58594e64d763aa91295f86acaf302918d2f,f3fd1136cf7d74f72ee6b9b2cd83d0d79bda8be8dbea820e11f906a77ecae6bf,549d0f5328d767a85c07c45c634139c6bbfc236d13975835e0bcb294862b0e50,True,True,False,-1902.31385426,True,1166.332767679704,
B1_Monovacancy,20260429,58100,58.1,383.9478,review_revision/md_snapshot_dft_jobs/B1_Monovacancy_seed20260429_step058100,True,473656,2026-07-23T05:16:40,df972bb0a830a5fd9a35660502d5a76fa644364f93c01414416c8fd4396bd74f,0e95bcc85db23b4722f965c3a09284536cbf29222f5e0dcd5c5ab7307a464a89,56a73edd0062269741cd6577d0bb4d53d10ca5630e9d3292e8173967d84b6b7b,True,True,False,-1407.4257059,True,1895.6318017229967,
B1_Monovacancy,20260429,58200,58.2,382.41380000000004,review_revision/md_snapshot_dft_jobs/B1_Monovacancy_seed20260429_step058200,True,473674,2026-07-23T16:16:05,23d0005e71cec493ee0992c089b826971559eb171ebc58c7c84240ee1f45137a,a0bb1aa70e8469b2851cb13cc5585f5f6c380d9607fede70f81a49b0662e49b1,69d9061feeed0b3369134b252abe52b630b029b79ed479da2090c0223caf441c,True,True,False,-1407.6434865,True,1885.6400089546787,
B1_Monovacancy,20260429,100000,100.0,217.6953,review_revision/md_snapshot_dft_jobs/B1_Monovacancy_seed20260429_step100000,True,473674,2026-07-23T20:49:36,eaa68d3e1d2fa862c7d032bf714e723404760cd1d1a00c63ed1eb37cb55bfdf0,928e762cd62e01af7df0c0f6fc0a283722b475c5972f019ce9d24edfff9d2371,a47e778f5a7d00049635dee398c9882fe61999f39d76d1dddf05efbd8b245a1a,True,True,False,-1406.79677474,True,1788.5548332030905,
D_SiGraphene,20260429,30900,30.9,356.8096,review_revision/md_snapshot_dft_jobs/D_SiGraphene_seed20260429_step030900,True,252012,2026-07-23T23:15:20,c97d0c4c0450f86b87aebed30c79c7d947e163b9aafbdba0a7fe955017ee5f41,be0d035dbe31c69fa3ced8ff9f87b36436c164ca103a83ef8e0a3f6ea4279cbd,a8c25b5adae9100cab323bc17a9a1d40a29092c5a0a8ae22c0558ad682862f83,True,True,False,-1897.17030965,True,1098.1563311892899,
D_SiGraphene,20260429,31000,31.0,350.6833,review_revision/md_snapshot_dft_jobs/D_SiGraphene_seed20260429_step031000,True,243181,2026-07-24T03:13:34,c7ce951b3884b220150f697d029fd6cb2145327043ffc0a114604b91e3dde7bd,3a823b7474aaea1d266aba320274faea8b13ec658e6fda6f064dd99627ab2856,ed7031e52dfa3043368ae2e41c2f2202fa2c88dccc67c1b400ae6d658c8a6f87,True,True,False,-1899.5534697,True,1147.1139222866168,
D_SiGraphene,20260429,100000,100.0,207.6184,review_revision/md_snapshot_dft_jobs/D_SiGraphene_seed20260429_step100000,True,243207,2026-07-24T05:44:25,f6e88f86cbd929e52646a218c113009fab912097be43bc5a0f4b793132006e5a,fc89dd4f10998cad357a35c92daf32d7ca28dcbce8c6da692667691c446de671,d8f4f63ca52b5d8ae1a8daf22ea93f5e6be6289ae53f30bf932ef9fd9cd40cdd,True,True,False,-1902.94788346,True,1120.192907978906,
