job_dir,case,seed,step,time_ps,trajectory,frame_index,msd_xy_a2,msd_total_a2,potcar_source,natoms,scf_provenance
review_revision/high_displacement_converged_jobs/jobs/D_SiGraphene_seed20260427_step099700,D_SiGraphene,20260427,99700,99.7,trajectories/review_revision/D_SiGraphene_400K_seed20260427_100000steps.lammpstrj,997,2694.83,2770.84,dft_outputs/D_SiGraphene/POTCAR,220,two_stage_algo_all_rerun
review_revision/md_snapshot_dft_jobs/D_SiGraphene_seed20260427_step099800,D_SiGraphene,20260427,99800,99.8,trajectories/review_revision/D_SiGraphene_400K_seed20260427_100000steps.lammpstrj,998,2683.44,2759.3,dft_outputs/D_SiGraphene/POTCAR,220,strict_original
review_revision/md_snapshot_dft_jobs/D_SiGraphene_seed20260427_step100000,D_SiGraphene,20260427,100000,100.0,trajectories/review_revision/D_SiGraphene_400K_seed20260427_100000steps.lammpstrj,1000,2661.0200000000004,2734.23,dft_outputs/D_SiGraphene/POTCAR,220,strict_original
review_revision/high_displacement_converged_jobs/jobs/B1_Monovacancy_seed20260429_step058100,B1_Monovacancy,20260429,58100,58.1,trajectories/review_revision/B1_Monovacancy_400K_seed20260429_100000steps.lammpstrj,581,383.9478,516.681,dft_outputs/B1_Monovacancy/POTCAR,200,two_stage_algo_all_rerun
review_revision/high_displacement_converged_jobs/jobs/B1_Monovacancy_seed20260429_step058200,B1_Monovacancy,20260429,58200,58.2,trajectories/review_revision/B1_Monovacancy_400K_seed20260429_100000steps.lammpstrj,582,382.41380000000004,509.757,dft_outputs/B1_Monovacancy/POTCAR,200,two_stage_algo_all_rerun
review_revision/high_displacement_converged_jobs/jobs/B1_Monovacancy_seed20260429_step100000,B1_Monovacancy,20260429,100000,100.0,trajectories/review_revision/B1_Monovacancy_400K_seed20260429_100000steps.lammpstrj,1000,217.6953,228.059,dft_outputs/B1_Monovacancy/POTCAR,200,two_stage_algo_all_rerun
review_revision/md_snapshot_dft_jobs/D_SiGraphene_seed20260429_step030900,D_SiGraphene,20260429,30900,30.9,trajectories/review_revision/D_SiGraphene_400K_seed20260429_100000steps.lammpstrj,309,356.8096,384.086,dft_outputs/D_SiGraphene/POTCAR,220,strict_original
review_revision/md_snapshot_dft_jobs/D_SiGraphene_seed20260429_step031000,D_SiGraphene,20260429,31000,31.0,trajectories/review_revision/D_SiGraphene_400K_seed20260429_100000steps.lammpstrj,310,350.6833,376.72,dft_outputs/D_SiGraphene/POTCAR,220,strict_original
review_revision/md_snapshot_dft_jobs/D_SiGraphene_seed20260429_step100000,D_SiGraphene,20260429,100000,100.0,trajectories/review_revision/D_SiGraphene_400K_seed20260429_100000steps.lammpstrj,1000,207.6184,240.032,dft_outputs/D_SiGraphene/POTCAR,220,strict_original
